{
  "common/channelList": {
    "meta": {
      "result": "1",
      "msg": ""
    },
    "data": [{
      "channelId": 1,
      "channelName": "手机银行"
    }, {
      "channelId": 2,
      "channelName": "掌上生活"
    }, {
      "channelId": 3,
      "channelName": "招赢APP"
    }]
  },
  "common/provinceList": {
    "meta": {
      "result": "1",
      "msg": ""
    },
    "data": [{
      "provinceId": 1,
      "proovinceName": "浙江",
      "cityList": [{
        "cityId": 2,
        "cityName": "杭州"
      }, {
        "cityId": 3,
        "cityName": "宁波"
      }]
    }, {
      "provinceId": 2,
      "proovinceName": "江苏",
      "cityList": [{
        "cityId": 4,
        "cityName": "南京"
      }, {
        "cityId": 5,
        "cityName": "苏州"
      }]
    }]
  },
  "common/cityList": {
    "meta": {
      "result": "1",
      "msg": ""
    },
    "data": {
      "a": [{
        "cityId": 1,
        "cityName": "安达"
      }, {
        "cityId": 2,
        "cityName": "安国"
      }],
      "b": [{
        "cityId": 3,
        "cityName": "北京"
      }, {
        "cityId": 4,
        "cityName": "保山"
      }],
      "c": [{
        "cityId": 5,
        "cityName": "重庆"
      }, {
        "cityId": 6,
        "cityName": "长沙"
      }]
    }
  },
  "common/areaList": {
    "request": {
      "cityId": 2
    },
    "meta": {
      "result": "1",
      "msg": ""
    },
    "data": [{
      "areaId": 1,
      "areaName": "长宁区",
      "districtInfoList": [{
        "districtId": 1,
        "districtName": "中山公园"
      }, {
        "districtId": 2,
        "districtName": "新华路"
      }]
    }, {
      "areaId": 2,
      "areaName": "静安区",
      "districtInfoList": [{
        "districtId": 3,
        "districtName": "静安寺"
      }, {
        "districtId": 4,
        "districtName": "南京西路"
      }]
    }]
  },
  "common/brandList": {
    "meta": {
      "result": "1",
      "msg": ""
    },
    "data": [{
      "id": 1,
      "name": "万达"
    }, {
      "id": 2,
      "name": "星美"
    }]
  },
  "common/sourceList": {
    "meta": {
      "result": "1",
      "msg": ""
    },
    "data": [
      { "sourceId": 1, "sourceName": "万达" },
      { "sourceId": 2, "sourceName": "百度" }
    ]
  },
  "login": {
    "request": {
      "username": "",
      "password": ""
    },
    "meta": {
      "result": "1",
      "msg": ""
    },
    "data": {
      "x-token": "xxxxxx"
    }
  },
  "user/userList": {
    "request": {
      "name": "姓名",
      "loginId": "xxxxx",
      "city": "xxx",
      "department": "xxx",
      "roleId": 1,
      "createdBy": "xxx",
      "pageIndex": 1,
      "pageSize": 10
    },
    "meta": {
      "result": "1",
      "msg": ""
    },
    "data": {
      "total": 2,
      "pageIndex": 1,
      "pageSize": 10,
      "rows": [{
        "id": 1,
        "realName": "蒋凡琨",
        "loginId": "jiangfankun",
        "city": "上海",
        "department": "上海卡部",
        "mobile": "12345678901",
        "email": "jfk@cmb.com",
        "createdBy": "admin"
      }, {
        "id": 2,
        "realName": "蒋潇",
        "loginId": "jiangxiao",
        "city": "北京",
        "department": "卡中心",
        "mobile": "12345678901",
        "email": "jx@cmb.com",
        "createdBy": "admin"
      }]
    }
  },
  "user/userDetail": {
    "request": {
      "id": 1
    },
    "meta": {
      "result": "1",
      "msg": ""
    },
    "data": {
      "id": 1,
      "realName": "蒋凡琨",
      "loginId": "666666",
      "city": "上海市",
      "department": "上海卡部",
      "mobile": "12345678901",
      "email": "jfk@cmb.com",
      "createdBy": "admin",
      "roles": [1,2],
      "channelAuthority": [1,2],
      "cityAuthority": [1,2]
    }
  },
  "role/getAllRoles": {
    "meta": {
      "result": "1",
      "msg": ""
    },
    "data": [
      { "id": 1, "roleName": "客服" },
      { "id": 2, "roleName": "运营" },
      { "id": 3, "roleName": "产品" }
    ]
  },
  "user/saveUser": {
    "request": {
      "password": "xx",
      "realName": "xx",
      "loginId": "xx",
      "city": "xx",
      "department": "xx",
      "mobile": "xx",
      "email": "xx",
      "roles": [1, 2, 3],
      "channels": [1, 2, 3],
      "cities": [1, 2, 3, 4]
    },
    "meta": {
      "result": "1",
      "msg": ""
    }
  },
  "user/updateUser": {
    "request": {
      "id": "xx",
      "realName": "xx",
      "city": "xx",
      "department": "xx",
      "mobile": "xx",
      "email": "xx",
      "roles": [1, 2, 3],
      "channels": [1, 2, 3],
      "cities": [1, 2, 3, 4]
    },
    "meta": {
      "result": "1",
      "msg": ""
    }
  },
  "user/resetPassword": {
    "request": { "id": 1 },
    "meta": {
      "result": "1",
      "msg": ""
    }
  },
  "user/deleteUser": {
    "request": { "id": [1, 2, 3] },
    "meta": {
      "result": "1",
      "msg": ""
    }
  },
  "user/importUsers": {
    "meta": {
      "result": "1",
      "msg": ""
    }
  },
  "role/roleList": {
    "request": {
      "roleId": 1,
      "createdBy": "xxx",
      "pageIndex": 1,
      "pageSize": 10
    },
    "meta": {
      "result": "1",
      "msg": ""
    },
    "data": {
      "total": 100,
      "pageIndex": 1,
      "pageSize": 10,
      "rows": [{
        "id": 1,
        "roleName": "客服",
        "desc": "人人都是客服",
        "createdBy": "admin"
      }, {
        "id": 2,
        "roleName": "运营",
        "desc": "人人都是运营",
        "createdBy": "admin"
      }]
    }
  },
  "role/roleDetail": {
    "request": { "id": 1 },
    "meta": {
      "result": "1",
      "msg": ""
    },
    "data": {
      "id": 1,
      "roleName": "运营",
      "desc": "人人都是运营",
      "users": [2],
      "resources": [1]
    }
  },
  "user/getAllUsers": {
    "meta": {
      "result": "1",
      "msg": ""
    },
    "data": [
      { "id": 1, "loginId": "123456", "realName": "蒋凡琨" },
      { "id": 2, "loginId": "654321", "realName": "蒋潇" }
    ]
  },
  "resource/getAllResources": {
    "meta": {
      "result": "1",
      "msg": ""
    },
    "data": [
      { "id": 1, "name": "编辑用户", "url": "xx", "resourceType": 1 },
      { "id": 2, "name": "编辑角色", "url": "xx", "resourceType": 1 }
    ]
  },
  "role/deleteRole": {
    "request": { "id": [1, 2, 3, 4] },
    "meta": {
      "result": "1",
      "msg": ""
    }
  },
  "role/exportRoles": {
    "meta": {
      "result": "1",
      "msg": ""
    }
  },
  "resource/resourceList": {
    "request": { "id": 1 },
    "meta": {
      "result": "1",
      "msg": ""
    },
    "data": {
      "id": 1,
      "name": "功能名称",
      "resourceType": 1,
      "url": "resource/url",
      "roles": [1,2]
    }
  },
  "resource/updateResource": {
    "request": {
      "id": 1,
      "roleIds": [1, 2, 3, 4]
    },
    "meta": {
      "result": "1",
      "msg": ""
    }
  }

}
